0,500.0,500.0,19.706816364531328,499.88831453444055,499.34275514362815,66,92,3
1,500.0,500.0,21.938837925772287,500.56177716281616,500.35895802509856,11,25,0
2,500.0,500.0,5.731001628081023,500.6662893003042,500.02242794561664,61,79,1
3,500.0,500.0,5.610327302728863,500.5832328114135,499.6770697720325,117,135,87
4,500.0,500.0,15.331808064528634,500.2134093172891,500.6315860256043,74,96,32
5,500.0,500.0,12.825761879913813,499.46614911357045,499.60069100247705,111,135,58
6,500.0,500.0,13.73832791465876,500.06074051465384,499.33610615733835,65,91,4
7,500.0,500.0,5.999360187231235,499.34282190786524,500.1120776501474,97,115,65
8,500.0,500.0,13.70629067579213,500.490202502622,500.45182513306315,95,113,60
9,500.0,500.0,24.819258707147878,499.3607761971731,499.81069238170653,78,104,3
10,500.0,500.0,10.241660339985579,499.5544828802078,500.495942476923,57,80,0
11,500.0,500.0,13.742903175900821,499.65221814944346,499.43123622753563,99,112,66
12,500.0,500.0,13.171226105232995,500.39848450282744,500.5344665990039,50,73,0
13,500.0,500.0,19.01001313034073,499.654896490782,499.42960714207675,76,97,0
14,500.0,500.0,13.727475160425898,500.26624740910927,500.61119290047174,99,117,57
15,500.0,500.0,24.38559416436562,499.7739942213818,500.6271888331879,52,76,0
16,500.0,500.0,14.226790101513565,499.5245621304501,500.4673363634924,18,21,0
17,500.0,500.0,12.237591258364992,499.5008046383317,500.4418692514006,96,119,40
18,500.0,500.0,19.78559301460976,499.98587439442167,499.33348299968304,36,33,3
19,500.0,500.0,17.91146708575247,499.46606592865214,500.39919776038744,118,133,92
20,500.0,500.0,14.186211618229137,500.6661134611028,499.97284670587004,51,74,0
21,500.0,500.0,22.382989623275968,499.64271848423095,499.4371551164537,114,128,76
22,500.0,500.0,20.65106791041552,500.49059703310775,499.54860328362923,97,118,63
23,500.0,500.0,27.910791745522225,499.5725392797707,500.51158750679184,80,105,13
24,500.0,500.0,5.264063504684851,499.99632310031046,500.6666565268961,74,97,1
25,500.0,500.0,22.677770851121256,500.6114452299697,499.7343325853784,27,30,1
26,500.0,500.0,15.435645245571749,500.6658903016025,500.03216443184937,63,86,4
27,500.0,500.0,7.447448924347214,500.66589409485795,500.03208580492606,101,121,58
28,500.0,500.0,9.57495534058886,499.3615858738168,500.1920204362411,109,127,73
29,500.0,500.0,26.21598385422032,500.6649589034136,499.9523124626825,0,11,0
30,500.0,500.0,7.572957682380586,499.3770023856915,499.7626849835969,126,139,96
31,500.0,500.0,25.194220781692934,499.73130656451644,500.61012153065803,113,130,84
32,500.0,500.0,27.493643354578687,500.3580986934705,500.5623253241489,55,78,5
33,500.0,500.0,26.77751963321479,499.53625959445753,500.47894601022637,121,141,80
34,500.0,500.0,14.732172624620398,500.15380093539324,500.6486830633804,7,22,3
35,500.0,500.0,14.17682289994087,500.61687723092746,499.7472018069532,95,117,42
36,500.0,500.0,16.904244343818583,499.38655456385294,499.7389844040775,136,152,114
37,500.0,500.0,5.483787980162354,499.8759736888811,499.3449718184729,43,64,0
38,500.0,500.0,6.632840978207748,499.3922261255855,499.72603766312926,53,75,3
39,500.0,500.0,5.7224980352194175,499.9498014869162,499.335225937834,89,111,39
40,500.0,500.0,20.386488900814456,500.11109973073343,500.6573441216558,16,30,3
41,500.0,500.0,25.294810728236968,499.856127346164,500.65095706764936,59,84,1
42,500.0,500.0,23.5724309486328,500.3608082648308,500.5605906175403,7,20,0
43,500.0,500.0,13.148844031559737,500.3087481474816,500.5908629501595,132,149,103
44,500.0,500.0,27.635799861417222,500.0909739681098,500.66043030031244,89,109,48
45,500.0,500.0,23.41362774981907,499.7553974656146,499.37982740739636,47,68,1
46,500.0,500.0,15.318111600162034,500.64837163586697,499.8448914372202,45,66,2
47,500.0,500.0,25.113176943623337,499.45555310567835,499.61526369587995,112,129,84
48,500.0,500.0,19.999332561966007,499.40341804064354,500.2975473243282,87,111,16
49,500.0,500.0,24.520001891529027,500.6620988628051,499.92209274541744,45,66,0
50,500.0,500.0,24.886959062694956,499.3333944667794,499.99097184824507,117,135,83
51,500.0,500.0,13.979700424519702,500.21954173634293,500.62948063548293,65,84,14
52,500.0,500.0,21.801622300555717,499.62457416149124,499.4490917642434,123,141,89
53,500.0,500.0,11.824279986374977,499.3816367914871,499.75085870113105,8,22,0
54,500.0,500.0,12.212910624703774,500.6665597529844,500.01193901779004,56,79,0
55,500.0,500.0,24.612557517110563,499.4160206228572,499.67842181119306,104,122,73
56,500.0,500.0,9.273974102556634,499.5692070539517,500.5087847109333,113,131,80
57,500.0,500.0,14.286837680320382,500.55251665993245,500.3730546674973,70,93,5
58,500.0,500.0,19.24577473763837,500.6114582918274,500.2656373501599,16,26,2
59,500.0,500.0,12.276506457464723,500.14055282066096,500.6516819385626,117,135,77
60,500.0,500.0,10.489776910164458,500.40694517474344,500.52805309316153,59,84,1
61,500.0,500.0,15.516165169120397,500.4826421455632,500.45989238281425,44,65,0
62,500.0,500.0,17.94885384969576,499.84703611405996,499.35111904478356,61,87,0
63,500.0,500.0,11.09960953925923,500.4549186918054,499.5126670252379,82,105,25
64,500.0,500.0,8.628177144216336,499.3367612712528,500.0675191316165,73,97,21
65,500.0,500.0,23.563298695098275,499.7271692256441,500.6082826752496,55,77,3
66,500.0,500.0,11.885711300599493,500.06051131215634,499.3360852271974,109,127,77
67,500.0,500.0,25.46339226113131,500.13213947008916,499.3465601750054,46,67,0
68,500.0,500.0,9.844482060559692,500.44326389144084,500.497957394753,84,102,49
69,500.0,500.0,11.071629737499418,499.4423320671185,499.6346906501605,85,106,47
70,500.0,500.0,14.742242768965706,500.3341427044216,499.4231177784623,57,83,0
71,500.0,500.0,8.008852196139152,500.6318272276177,500.2126941439847,16,29,1
72,500.0,500.0,14.836799136555625,499.37267390863974,500.2256245100673,99,116,71
73,500.0,500.0,20.893451346385156,499.6621002959883,500.5746896853722,53,77,1
74,500.0,500.0,18.397720029265262,499.35622562157,499.82679782298857,81,103,31
75,500.0,500.0,13.386984852526888,500.2759961310416,500.6068530135828,56,79,0
76,500.0,500.0,20.339468444617488,499.34232074420333,500.10909830859896,120,138,86
77,500.0,500.0,22.237985056301405,499.50997934872095,500.4520223509568,53,76,0
78,500.0,500.0,5.570086323658341,499.56207390695914,500.5026581158983,103,122,76
79,500.0,500.0,23.647234281210945,500.493205000224,499.5514542696686,5,17,0
80,500.0,500.0,5.890665976313088,499.7291486379582,500.60916663083634,120,138,88
81,500.0,500.0,15.586974397615668,499.34068914300525,499.9012394902136,101,120,54
82,500.0,500.0,9.4419851315373,499.3477085160831,500.1376962761079,100,119,63
83,500.0,500.0,11.419874832603043,500.28567795156835,500.6023558353931,60,82,0
84,500.0,500.0,24.404206755257857,499.52259669177903,500.465328406337,125,141,99
85,500.0,500.0,11.007949516974834,499.48208519544454,499.58022780026937,66,89,0
86,500.0,500.0,14.99496644698682,499.3366009006699,500.0659248014972,56,79,0
87,500.0,500.0,7.659853032674601,499.35909204881796,499.81647495387256,78,102,5
88,500.0,500.0,15.029322855464363,500.1272653930147,500.6544065740694,27,37,0
89,500.0,500.0,22.06485179030796,500.6055118793694,499.7210738298635,98,118,59
90,500.0,500.0,26.82411317734023,500.345157328647,500.5703602922064,6,21,0
91,500.0,500.0,7.866382260280458,500.33251229819035,500.5778235163063,98,118,58
92,500.0,500.0,12.502206811720196,499.76176637156124,499.377353083421,126,145,88
93,500.0,500.0,20.293376986893744,500.4986450647529,500.442490162424,57,80,2
94,500.0,500.0,11.921847115008003,500.15324122941774,499.35118448689093,134,152,104
95,500.0,500.0,14.887427449766196,500.29234910648665,499.4008535701676,9,17,4
96,500.0,500.0,15.161078387272918,500.65722761925105,499.88821314505714,94,115,48
97,500.0,500.0,25.727158994049848,500.1404635799037,499.3482988206508,117,142,53
98,500.0,500.0,20.26863823501497,499.72213624270773,500.60600014589755,95,118,40
99,500.0,500.0,22.27617716343684,499.7680261017673,500.62500604395734,67,92,11
100,500.0,500.0,8.38914113165277,500.5102575219104,500.4290474400091,74,101,0
101,500.0,500.0,22.675254797004527,500.5927232457503,500.30516159390015,59,83,0
102,500.0,500.0,21.52195605647674,499.97480807864383,499.3338094780449,126,145,90
103,500.0,500.0,20.089334255571032,499.8703142243359,499.3460687772901,104,121,77
104,500.0,500.0,23.49452669198229,500.6237687289958,500.23528071993127,72,93,34
105,500.0,500.0,26.101810332475125,499.7883534811168,500.63217892679927,88,109,45
106,500.0,500.0,20.35428784948612,499.3659110726446,500.20585353203137,110,124,80
107,500.0,500.0,25.502796293640053,499.67674371084786,500.58305215544414,63,86,4
108,500.0,500.0,17.601054864049054,500.0384800693133,499.3344447966471,107,130,60
109,500.0,500.0,10.68651396272217,500.6635469931582,499.9355808078663,9,23,0
110,500.0,500.0,10.502654867736556,499.9351495645584,499.33649501473803,115,134,80
111,500.0,500.0,12.72449334229022,499.6109634253211,499.4586175215187,2,19,0
112,500.0,500.0,13.809811725920778,500.5735461390547,499.66016287604225,51,72,2
113,500.0,500.0,12.610271993875923,499.82139689448417,499.357703047536,126,138,98
114,500.0,500.0,14.66330090878879,500.4870702627593,499.54480004000436,18,19,1
115,500.0,500.0,5.135609922431841,499.59655160794864,500.53072953507,116,134,82
116,500.0,500.0,26.928897784812445,499.7945139184972,500.6342081005104,55,78,1
117,500.0,500.0,25.64966099018149,500.6132186745456,499.73845210451424,53,75,0
118,500.0,500.0,5.66757085877445,499.8014030993423,500.63639902222866,87,109,37
119,500.0,500.0,21.65617168542764,500.65140209621416,500.14184411687563,76,102,0
120,500.0,500.0,25.85936383949567,499.34297590627335,499.8870230788738,62,85,4
121,500.0,500.0,19.783241904214723,499.36633176790616,499.79285508435026,55,79,3
122,500.0,500.0,13.71938887632721,500.34833433393794,499.431574423302,77,96,40
123,500.0,500.0,25.231719678043593,499.66096030272496,500.5740178813557,67,91,2
124,500.0,500.0,15.81705723290008,499.89249354399726,499.3420586603943,55,78,0
125,500.0,500.0,6.578222520413696,499.3664667847156,500.20755748499124,98,117,61
126,500.0,500.0,9.585295694338257,499.95205858158477,499.3350593523894,72,97,3
127,500.0,500.0,15.891904401760945,500.65064221237117,499.8547100969606,10,24,0
128,500.0,500.0,10.893605020930291,500.5209475992406,500.41600245586994,114,137,23
129,500.0,500.0,22.202289994971572,499.4812848714258,499.58121716865094,111,131,70
130,500.0,500.0,5.590603786441719,499.4415881281223,500.36417114903645,57,82,0
131,500.0,500.0,13.632060066782325,500.2430216176046,500.620793796539,80,100,38
132,500.0,500.0,19.426575098824024,500.53832941970074,500.39325040410546,77,98,30
133,500.0,500.0,7.7842664965482475,500.6526061125617,500.13619730647684,97,116,61
134,500.0,500.0,20.214990835809186,500.36156144337446,499.43989486066505,71,97,0
135,500.0,500.0,24.54023942099028,499.35346538534424,500.1625959301346,109,129,70
136,500.0,500.0,19.618457440333255,499.70159076450744,499.40384869989475,75,101,3
137,500.0,500.0,17.000175179585035,499.7616125829841,500.62258805309204,96,115,53
138,500.0,500.0,17.377976848309885,499.6946012033268,500.59260106263406,17,19,1
139,500.0,500.0,18.62691623846514,500.12050825660054,499.34431546873856,69,99,0
140,500.0,500.0,15.368446004456722,500.32779768619287,500.58051108634635,79,102,22
141,500.0,500.0,12.737122257501632,500.6646279333283,499.9479024503049,64,85,16
142,500.0,500.0,13.160974222050191,499.5131043801469,500.4553867584947,122,140,92
143,500.0,500.0,21.127226257640636,500.6630318343303,500.06952144351976,38,57,1
144,500.0,500.0,9.394297741123273,500.6270034345883,500.226519618265,79,104,14
145,500.0,500.0,10.527450530856957,500.6316331486561,499.7867301944408,115,134,79
146,500.0,500.0,5.3965949650125715,500.2384407184221,500.6225676414999,24,34,0
147,500.0,500.0,12.042738692992033,500.6293916682713,500.21979666138304,66,89,7
148,500.0,500.0,12.906420065362658,500.19460534481965,500.6376309310346,109,127,72
149,500.0,500.0,11.231077820452516,500.11963236282014,500.65584490713167,105,124,72
150,500.0,500.0,12.25760271213769,499.8602368886533,499.34814823989564,96,123,27
151,500.0,500.0,16.1365675058923,500.1372364238085,499.3476116122855,105,111,49
152,500.0,500.0,7.3121004860881875,500.42778646722803,499.48868484972473,44,65,0
153,500.0,500.0,11.95215454195002,499.3604102355867,499.8119325182224,132,149,104
154,500.0,500.0,6.254098465496719,499.54835524916604,500.4903687015793,64,88,0
155,500.0,500.0,16.290209974046913,500.6543801287471,499.8725986988083,85,105,10
156,500.0,500.0,15.130782357128236,499.37852280016256,500.2412685941573,115,132,88
157,500.0,500.0,15.987771307110817,499.4042601274409,499.7007702409723,81,92,56
158,500.0,500.0,19.47725125989596,499.750142013941,500.6180739690741,46,68,0
159,500.0,500.0,26.82988977423472,500.62277686015125,500.23789373027597,69,91,19
160,500.0,500.0,14.572002492437555,499.8928420301103,500.6579981868771,100,122,48
161,500.0,500.0,13.748694601370635,499.3346406385361,500.0417296603963,84,105,38
162,500.0,500.0,12.023745619345288,499.35416472889233,500.1653518885218,37,35,36
163,500.0,500.0,7.282372219820129,500.06126299328986,499.33615416692004,110,129,74
164,500.0,500.0,6.867311705740638,499.40611905918234,499.69709758571776,137,154,110
165,500.0,500.0,5.061541619866372,500.1708971920164,499.3556099052551,33,45,1
166,500.0,500.0,10.323953394788594,500.255567573648,500.61573505645214,105,124,68
167,500.0,500.0,26.24995402309862,499.7784929044924,500.6287917390394,65,90,0
168,500.0,500.0,9.549841916398677,500.39982872236214,500.5334617485994,122,138,99
169,500.0,500.0,25.89346323988994,499.6639718285291,499.42421400466634,97,126,22
170,500.0,500.0,12.075071690127348,499.52668495772014,499.5305137752861,102,117,32
171,500.0,500.0,20.839593797878155,500.64574130950786,500.16571845292407,43,66,0
172,500.0,500.0,15.068453862146754,500.06468223696004,500.6635214033219,8,23,2
173,500.0,500.0,18.885413741755944,499.3523336785723,500.1580277840531,49,70,0
174,500.0,500.0,24.22704811984217,499.33333573924307,500.0017910538409,124,143,87
175,500.0,500.0,20.462476438974505,499.9451511984635,500.66440654227245,55,78,1
176,500.0,500.0,9.02938674257337,499.4238975640754,500.3354853614783,78,89,47
177,500.0,500.0,9.174250386131895,499.73814035401693,500.6130856141275,50,72,0
178,500.0,500.0,27.288270429511183,500.3332428581324,499.42259750438,68,95,0
179,500.0,500.0,20.413070718987264,500.2310446307683,500.62535016034025,100,118,68
180,500.0,500.0,11.629009293313482,500.6399919581551,499.813305763503,22,33,3
181,500.0,500.0,12.233894614913861,499.5594064427675,500.5003216583056,113,124,83
182,500.0,500.0,23.97332567518012,500.6477310477376,499.8422377287144,54,77,0
183,500.0,500.0,6.246693963664757,499.9730183509242,500.6661204358505,109,128,73
184,500.0,500.0,19.384401069335205,500.63504015699004,500.2029000824409,118,136,86
185,500.0,500.0,26.336473499422297,499.3442709864553,499.8797340229319,60,85,3
186,500.0,500.0,19.490512371093395,500.6329428557405,500.2093508677113,13,11,14
187,500.0,500.0,17.70178240823586,500.6472036515265,499.8400879057258,37,61,0
188,500.0,500.0,7.701721429059823,500.66563111789395,500.03714376577193,91,108,54
189,500.0,500.0,11.288772624405306,500.6422431513141,499.82120352622456,128,146,93
190,500.0,500.0,8.326765275169,500.015528344655,500.666485795015,9,7,10
191,500.0,500.0,8.139691925589887,500.3567765243751,499.436834876702,84,108,0
192,500.0,500.0,23.117500332578764,500.09993925562225,500.6591332108384,107,124,81
193,500.0,500.0,24.261946219947692,499.5583072108308,500.49935150389314,70,80,18
194,500.0,500.0,15.270590039993472,500.63150980662914,500.21363475507434,62,82,11
195,500.0,500.0,17.498891448049477,499.33819135755573,500.0803353299023,53,76,0
196,500.0,500.0,10.492527515823735,499.3582465376384,499.81945377879515,120,138,90
197,500.0,500.0,22.128218485999504,499.8245143183133,500.64315567319846,84,101,58
198,500.0,500.0,19.996437032213933,499.5323012479811,499.524918615599,62,87,3
199,500.0,500.0,27.203132574067634,499.4599463907522,499.6091208069201,69,97,0
200,500.0,500.0,25.94015858701874,499.54079429524785,500.4832955257061,85,107,31
201,500.0,500.0,27.309006262945445,500.3521148348331,499.4339084989731,84,112,1
202,500.0,500.0,20.93220576749829,499.600251525293,500.53352188466255,117,135,82
203,500.0,500.0,24.76487023587013,500.1301940390317,500.65383022004573,153,169,134
204,500.0,500.0,22.466241614690365,499.3939951100434,499.72214658938003,85,109,28
205,500.0,500.0,19.516703387656733,500.6101126253802,499.7312863442322,65,91,1
206,500.0,500.0,7.264191906813553,499.6655721676671,499.4232830248678,123,140,96
207,500.0,500.0,11.88771984561349,499.80941121630593,500.6388429853841,107,125,74
208,500.0,500.0,11.747458847199802,499.97569964506533,499.3337763609759,59,87,1
209,500.0,500.0,14.477190226438234,499.69759854526757,499.4058638164359,121,139,96
210,500.0,500.0,19.018311098436346,499.9616091721305,499.33443964302256,104,126,60
211,500.0,500.0,25.99506736854176,500.4316751446646,500.50803642972056,50,71,1
212,500.0,500.0,15.570121481064813,499.45769320511795,500.38774706274734,75,97,2
213,500.0,500.0,20.58505037107883,499.372412498721,500.2248963598701,62,88,0
214,500.0,500.0,27.715988990024844,500.2441948753569,500.62033322278745,103,122,68
215,500.0,500.0,15.507223691359089,499.596926832315,500.5310145628293,121,142,80
216,500.0,500.0,7.453025150714302,500.59436158157064,500.30195820041405,65,87,15
217,500.0,500.0,27.831917003418646,500.52883185895655,499.59406735854697,122,140,88
218,500.0,500.0,5.186253212514275,500.0202197322201,500.6663599679403,60,84,1
219,500.0,500.0,24.15529469248333,499.7863075507684,500.63149028621655,21,30,3
220,500.0,500.0,10.037104395346425,500.292297574917,500.59917157154035,86,107,44
221,500.0,500.0,21.581352663426305,500.46168639138017,500.4809263149993,129,147,100
222,500.0,500.0,25.77828519367826,499.83985052155566,500.64714495207676,0,18,0
223,500.0,500.0,5.767384218649546,499.4379516173001,500.3585332062011,57,73,6
224,500.0,500.0,12.514539891422238,499.5502720159865,499.5078727960785,63,87,2
225,500.0,500.0,17.406378456641683,499.429424038732,500.3448006915126,95,115,52
226,500.0,500.0,24.10087025005014,500.0144110354582,500.66651089000965,62,86,0
227,500.0,500.0,12.790450837443384,499.57749875110136,499.48430906627755,94,115,47
228,500.0,500.0,27.229504817643296,499.3473810603637,500.1361358294957,118,135,89
229,500.0,500.0,23.505515812472925,499.33588107985037,499.94177196256305,59,70,12
230,500.0,500.0,17.34116309018836,500.0041401588109,500.6666538108565,78,98,38
231,500.0,500.0,11.029712389743938,499.481936353923,499.5804115074768,129,150,91
232,500.0,500.0,10.377903750866412,500.3138258371179,499.41181823523533,69,96,1
233,500.0,500.0,19.031890504743497,499.70161956023594,500.5961657132129,77,99,25
234,500.0,500.0,25.91591568384152,499.5045960997565,499.55388407328593,96,121,26
235,500.0,500.0,6.042976653307789,499.503042160704,499.55561576264824,82,104,30
236,500.0,500.0,10.40040074592057,500.6385876119554,499.80855730282525,65,85,24
237,500.0,500.0,20.421183033553937,500.03237074164826,500.6658803042061,83,107,22
238,500.0,500.0,8.554026755426205,499.665362490819,500.5765953363439,14,23,3
239,500.0,500.0,19.160000923176597,499.8638639138013,499.34738111391187,59,80,7
240,500.0,500.0,15.228004774918919,499.33811439126083,500.0796987163538,124,142,94
241,500.0,500.0,13.44870404543515,500.5347275192271,499.6018656952413,63,87,1
242,500.0,500.0,9.365596929704829,500.3473720741048,500.56901413565623,109,128,74
243,500.0,500.0,19.759202746364004,499.8472444475509,500.6489300313905,119,138,86
244,500.0,500.0,10.602084634772543,499.3943262043154,499.72142559761267,115,134,78
245,500.0,500.0,22.59861964543744,499.7427392535857,500.61502955441085,117,135,83
246,500.0,500.0,10.358969618058723,500.11369020656537,499.34309895617713,122,142,89
247,500.0,500.0,27.632647032497996,499.7999181604414,500.63593372447394,74,98,16
248,500.0,500.0,7.528306001457018,500.41925045012874,499.4816627502183,64,90,0
249,500.0,500.0,23.13392529243549,499.69452971519695,499.40743578445307,121,137,89
250,500.0,500.0,6.20517741080706,500.01815500874017,500.6664194175608,51,75,0
251,500.0,500.0,15.953657204734757,499.48380776676936,499.57811136209085,52,76,0
252,500.0,500.0,16.58828986507389,500.66062043607343,500.08958283254407,58,78,19
253,500.0,500.0,15.534978008246688,499.6173538763703,500.5459179320334,98,117,61
254,500.0,500.0,14.80429324343981,499.40315224059873,499.702986201428,110,129,74
255,500.0,500.0,6.858180980448214,499.53213804996534,499.5250793327784,88,108,47
256,500.0,500.0,19.35930236846778,500.4885645197386,499.5464041947978,44,65,0
257,500.0,500.0,18.740012669584207,500.5256723969741,500.41001582348,83,109,14
258,500.0,500.0,7.281104618617966,499.52064841902325,500.46332116966477,70,93,10
259,500.0,500.0,17.680710252965376,499.4914583714692,500.43107987252444,63,89,0
260,500.0,500.0,14.517712137069008,500.0851655652119,500.661204409352,73,99,0
261,500.0,500.0,12.188612049934058,500.46932966721687,499.5265297180239,53,77,0
262,500.0,500.0,8.510695269680646,499.6723469131754,500.58059271364596,48,70,0
263,500.0,500.0,7.14429233918458,500.62528566674916,500.2312191155646,17,28,1
264,500.0,500.0,18.48869690300797,500.32112042456595,500.58423121909993,88,113,20
265,500.0,500.0,14.448598557209639,499.3464318804042,500.13150345049655,87,114,12
266,500.0,500.0,18.80943209816757,500.66594373892303,500.0310383800104,41,61,0
267,500.0,500.0,8.558794044740013,500.3922430382129,499.460936141614,110,128,82
268,500.0,500.0,17.79410595039952,499.9005085073201,499.34079905390786,107,125,75
269,500.0,500.0,14.869585450280967,500.30274724894787,500.5939600556426,50,73,1
270,500.0,500.0,17.80501436892031,499.344334354589,499.8793890308792,108,129,61
271,500.0,500.0,11.28521894039267,499.33382386704284,499.97443040237465,77,97,35
272,500.0,500.0,25.006842250338078,499.39604461113197,499.717719407855,86,104,50
273,500.0,500.0,22.04228835972366,499.8551144247205,499.34926763218635,104,123,67
274,500.0,500.0,14.656147356583572,500.25178023185765,499.3827065857389,62,88,1
275,500.0,500.0,12.46080651780381,499.50454530859076,500.44605951755904,91,111,49
276,500.0,500.0,8.578337778303233,499.4190158047061,499.67304157869364,122,138,91
277,500.0,500.0,15.191598409597498,500.6229519054802,499.76256502384217,63,85,3
278,500.0,500.0,11.282837420389697,500.60306391132224,499.7158198400571,80,108,0
279,500.0,500.0,11.514668811850335,500.65714294039225,500.11228357109167,109,126,82
280,500.0,500.0,12.093646012578898,499.3724373632566,499.77503426614686,123,140,96
281,500.0,500.0,9.70173186013583,500.1635491676856,499.3537058609319,49,73,0
282,500.0,500.0,7.75963990522763,499.5411547898263,499.51636220418055,128,146,98
283,500.0,500.0,17.249394000950744,499.6665909648607,500.57730655611374,1,13,0
284,500.0,500.0,23.54260429103557,500.6138473151405,499.73993093582817,111,125,76
285,500.0,500.0,15.574347758194326,500.6019354644791,499.7134373697657,41,59,2
286,500.0,500.0,14.30172634362039,499.50040650922756,499.5585809378581,128,145,100
287,500.0,500.0,5.479700857569223,500.64582293137664,499.8345999221509,30,48,0
288,500.0,500.0,20.861030944844366,499.62706613005724,500.5525982022175,106,124,63
289,500.0,500.0,10.596278920922874,499.4130865565519,499.6838085163318,49,75,1
290,500.0,500.0,25.02206157249447,499.87871063745115,500.6555404907227,23,15,17
291,500.0,500.0,6.7567256818794865,500.6653637304953,500.04165993981974,129,147,95
292,500.0,500.0,25.83622282634116,499.73509248621167,500.6117748389587,98,116,63
293,500.0,500.0,10.434183525774658,499.6917512018474,499.4088763895073,122,140,90
294,500.0,500.0,8.516005147136386,499.36431068051075,500.20085699771664,30,27,34
295,500.0,500.0,19.442821758722452,500.6326056461245,499.78963236718585,4,11,0
296,500.0,500.0,26.255547942870166,499.33571888534584,500.05634753906145,66,90,4
297,500.0,500.0,12.433789557797297,500.6194845660382,499.7536601597692,88,117,13
298,500.0,500.0,15.785184921106586,500.5596763337345,500.3622248554447,112,131,76
299,500.0,500.0,13.094671120261761,500.636469095292,499.80162778626374,65,91,0
300,500.0,500.0,6.308471169180905,499.5614867459406,500.5021459652916,103,122,65
301,500.0,500.0,24.671747543490078,500.4986378152842,499.557501668237,82,104,28
302,500.0,500.0,18.347576370457382,500.38560408761714,500.54383263239475,39,61,0
303,500.0,500.0,12.395115546249851,499.3567165734748,500.175016792344,26,23,19
304,500.0,500.0,15.3620315073471,500.40486404870654,500.529650400273,86,113,18
305,500.0,500.0,5.9002689026154975,500.65986857852926,500.09496264272985,39,57,0
306,500.0,500.0,8.651162783575451,500.56010643902334,499.63844057001785,128,146,98
307,500.0,500.0,12.78244437735265,500.40093184866254,500.5326331731806,47,67,0
308,500.0,500.0,6.515972648433502,500.5043828232486,499.56406145839554,99,120,52
309,500.0,500.0,10.795903054221526,500.33343744988883,499.4227098550503,70,95,2
310,500.0,500.0,18.40300883548765,499.347018370355,500.1343854002137,92,113,46
311,500.0,500.0,21.06503914467326,500.170519393769,500.6444901712153,71,90,33
312,500.0,500.0,6.948537276092046,499.82747302211015,500.64395565557317,115,135,76
313,500.0,500.0,23.703250027740424,499.44499664097543,499.6306550177464,128,146,97
314,500.0,500.0,20.420488921838597,500.4332763773997,499.4933284838953,75,104,1
315,500.0,500.0,9.146047226167427,499.76241256402005,499.37710622518046,90,104,55
316,500.0,500.0,27.999462285369656,499.6272604891786,500.55272932029794,93,109,47
317,500.0,500.0,7.326237564361565,500.3503686284688,500.5671739315495,5,19,0
318,500.0,500.0,25.15703376848306,500.47647102084255,499.53371702718016,48,71,0
319,500.0,500.0,8.731685878034362,499.35829775785464,499.8192718149539,14,24,0
320,500.0,500.0,13.378886525007688,500.1451342074622,499.34932304000466,132,150,102
321,500.0,500.0,22.216339916195036,499.9546641230469,499.3348766259517,18,27,0
322,500.0,500.0,27.20872265546284,500.29025403143567,500.6001641789375,125,144,89
323,500.0,500.0,18.119646047369503,499.8828064500001,500.65628508765843,56,81,0
324,500.0,500.0,16.566853904214316,499.7889787035185,500.63238790063986,64,91,0
325,500.0,500.0,8.183166295878918,500.6617153363153,499.9188997032708,0,18,0
326,500.0,500.0,13.53787845190195,500.14568641203164,499.3494464558595,24,19,16
327,500.0,500.0,22.55168709670889,499.59921307210675,499.46725777070486,91,113,40
328,500.0,500.0,15.061868884484559,499.39594293604546,500.2820629502984,84,110,4
329,500.0,500.0,14.542628833837124,499.94050658504875,499.3359932394758,76,100,4
330,500.0,500.0,27.874083078480698,500.2788587331604,499.39445706065993,6,21,0
331,500.0,500.0,7.278911861040104,499.5673519241248,499.49279187024854,121,140,85
332,500.0,500.0,11.598226138205167,500.6322029600523,499.7884252809395,21,30,0
333,500.0,500.0,5.120777561029213,499.85724893230565,499.3487960556657,109,128,73
334,500.0,500.0,8.438951236177218,499.4895077173638,499.57123191138646,92,113,46
335,500.0,500.0,11.626336294902302,499.95161807614755,499.335091258977,114,133,76
336,500.0,500.0,19.695889839974637,499.4886225670174,499.57228798768267,102,121,68
337,500.0,500.0,25.818378370225965,500.4503610511218,500.4915479305998,79,105,6
338,500.0,500.0,18.226091523204573,499.33336553623667,499.9934474304731,73,63,61
339,500.0,500.0,13.114768911398777,500.34162504150436,500.57248299141685,1,15,0
340,500.0,500.0,6.96912096470702,500.6412579880879,500.1822982094205,3,1,4
341,500.0,500.0,23.087483724442304,500.5148848880641,499.5765168285662,119,137,85
342,500.0,500.0,15.813106797645178,500.01528883734056,499.3335086678004,69,88,34
343,500.0,500.0,5.373571315505796,500.0713197387516,500.6628408099302,54,79,0
344,500.0,500.0,19.449910136940098,499.3590334505614,499.8166797148562,73,97,9
345,500.0,500.0,17.558316139776906,500.6502647709578,499.85303002995295,48,65,1
346,500.0,500.0,20.993952795909472,499.38504734322436,499.74255549264154,75,99,13
347,500.0,500.0,22.8523791931787,499.80033701756105,499.36393464338323,16,11,14
348,500.0,500.0,23.19551190426801,500.6635548379717,500.06433833576364,15,6,8
349,500.0,500.0,27.74982215281084,499.3509035257424,499.8479532586642,120,140,81
350,500.0,500.0,19.878711472417258,499.55662274646807,500.49785646073434,102,122,58
351,500.0,500.0,12.634267786770923,499.48769819361326,500.4266043877146,74,102,0
352,500.0,500.0,22.096077226951287,500.66647697543505,499.9840976209511,4,19,4
353,500.0,500.0,16.443038027353428,500.095670076141,500.6597663836356,116,129,85
354,500.0,500.0,6.8153211392757616,500.1810264925343,499.3583818476343,44,58,3
355,500.0,500.0,7.359751878988629,500.231710615599,499.37489630055234,15,25,0
356,500.0,500.0,18.860297437803794,500.39708066392427,499.46448959787705,55,82,7
357,500.0,500.0,5.974168745552979,500.1024496659035,499.341252316588,142,158,118
358,500.0,500.0,27.540627421468418,500.4329254287816,500.50697141690506,10,23,0
359,500.0,500.0,13.356156004972593,499.584085803225,499.47898193374374,65,90,0
360,500.0,500.0,18.97417677637967,499.39193905377266,499.7266754125265,118,136,83
361,500.0,500.0,22.905853590657905,499.3666556494776,500.2081330778752,8,21,1
362,500.0,500.0,5.744862451532341,499.3675024632594,500.21069245468584,17,7,6
363,500.0,500.0,13.556307704825725,500.65527833488574,500.1226977924569,75,101,10
364,500.0,500.0,14.154783056906348,499.35373959724296,500.1636824250578,7,2,3
365,500.0,500.0,5.596006839875294,500.5055401511289,499.5654040956923,66,93,1
366,500.0,500.0,17.918472347471884,499.8528156418153,499.349783721251,24,15,16
367,500.0,500.0,19.07317520356378,499.56141876329303,499.4979134106023,86,96,61
368,500.0,500.0,6.703196901060505,499.75258611092346,500.61905638833343,74,97,19
369,500.0,500.0,27.253908436350436,500.16765689753936,500.64524073736237,65,92,0
370,500.0,500.0,17.64993439219848,500.1584428237553,500.647564912611,114,132,81
371,500.0,500.0,26.328462504633087,500.66565807547244,500.03665748222056,14,6,4
372,500.0,500.0,7.791336466804508,499.8326936195447,500.6453317127675,58,83,2
373,500.0,500.0,5.604532616590111,500.65273510958093,499.86442226892,53,77,1
374,500.0,500.0,27.609275025784072,499.38941486228396,499.73236174779237,63,89,0
375,500.0,500.0,14.157679557730896,499.91991757461636,500.66183929287183,81,104,21
376,500.0,500.0,23.936806188692984,500.4173558839618,500.5198639346665,72,96,7
377,500.0,500.0,15.34941340024891,499.5385750794361,499.5188228110903,12,24,0
378,500.0,500.0,24.068235747114176,499.72360908766234,499.39332668756435,91,116,22
379,500.0,500.0,27.224086120484458,499.67373802743884,500.58137558402893,98,117,60
380,500.0,500.0,16.916349057252376,500.2938973196364,499.4016114891185,67,92,0
381,500.0,500.0,21.314639048172655,499.62204942097776,500.54917920960395,56,81,0
382,500.0,500.0,10.763922106585978,499.52910014984195,499.52809134828277,87,111,28
383,500.0,500.0,11.96496594050415,500.4217542287038,500.5163020579224,76,104,1
384,500.0,500.0,18.611594242281917,500.36168795716037,500.56002345137466,91,113,46
385,500.0,500.0,21.574553674057277,499.35554017891667,499.82936593700634,52,69,0
386,500.0,500.0,24.86696740726076,499.91219754441045,500.66085942017713,81,101,12
387,500.0,500.0,11.087085880160252,500.4913685781334,500.450556727691,15,12,13
388,500.0,500.0,5.696575667372906,500.418763148974,500.51873101845354,10,24,1
389,500.0,500.0,11.948164597956321,500.1957621131453,499.3627232630157,65,95,3
390,500.0,500.0,6.678379586622953,500.57514936537837,499.6628833259103,95,161,195
391,500.0,500.0,15.682169628832707,500.25544152088645,499.38421263909396,122,140,92
392,500.0,500.0,21.522346357586063,499.9553600000464,500.6651704404501,8,22,0
393,500.0,500.0,16.84454308389111,500.6519288745222,499.8605970337163,141,163,100
394,500.0,500.0,11.151848512446195,499.3667504001064,499.79157881902495,94,112,24
395,500.0,500.0,26.743852532174035,499.3515720921346,500.1548731504998,107,124,69
396,500.0,500.0,25.753149022706538,499.7539376492027,499.38040516144457,77,105,6
397,500.0,500.0,8.6648754735299,499.5166795608049,500.459179482883,51,70,108
398,500.0,500.0,16.439516280092707,500.64273963461545,499.82299659173094,65,92,0
399,500.0,500.0,10.536758735390912,499.36666547981207,499.791837011016,134,146,100
400,500.0,500.0,16.382566681079055,500.1484865249534,499.35007985386534,58,75,103
401,500.0,500.0,5.188080336786541,499.50703742175205,500.44881214432274,90,150,176
402,500.0,500.0,21.73268545726601,500.54077307268966,499.6101167760749,77,106,0
403,500.0,500.0,18.116477809263674,500.16011374921914,499.35284620703004,72,88,44
404,500.0,500.0,13.886022974534907,499.6961783334498,500.5934111891253,121,138,93
405,500.0,500.0,19.334556308755044,499.3414869288622,500.10394700373314,56,81,0
406,500.0,500.0,14.059785392757965,499.979205308421,500.666342273345,119,136,94
407,500.0,500.0,9.578331275706349,499.35454425890174,499.83317275184277,62,88,1
408,500.0,500.0,5.895021223663066,500.6424696598524,499.8220191566106,122,147,65
409,500.0,500.0,18.943992015287495,499.3943631620876,500.27865474158517,76,88,45
410,500.0,500.0,12.326190730464063,500.55437204842286,500.37029187997024,85,113,13
411,500.0,500.0,16.66824468262982,500.17090085430925,500.64438912346566,108,126,78
412,500.0,500.0,11.895182988960515,500.30710660893703,500.59171781719976,126,144,97
413,500.0,500.0,27.537654717120724,499.3426556834781,499.88890142223767,79,102,1
414,500.0,500.0,15.915574923956392,499.9062451042119,499.3399587407137,80,109,4
415,500.0,500.0,6.181168797768915,500.4593325823385,500.48317494062366,6,19,1
416,500.0,500.0,19.253923526525057,499.9673261224852,499.33413450143996,68,93,2
417,500.0,500.0,18.169116242294898,500.6214392474071,499.75863366799297,48,41,49
418,500.0,500.0,14.631946857891371,500.6666231014305,500.00762135707464,65,79,6
419,500.0,500.0,19.06399537751065,500.6620784622625,500.0780804345054,45,104,151
420,500.0,500.0,17.900395776898705,500.4767782629977,499.53403118948006,63,89,0
421,500.0,500.0,27.003766320520604,500.6386873919768,500.1911095491447,86,108,34
422,500.0,500.0,20.544977260796465,500.5134709642098,500.4251964409046,57,82,0
423,500.0,500.0,9.42207589014441,500.20002325244343,499.364047845411,115,133,77
424,500.0,500.0,26.654167565531612,500.24448172113784,500.62022022901056,112,130,80
425,500.0,500.0,16.24707082876516,499.39034597387763,500.2697525030045,119,138,82
426,500.0,500.0,23.29432318805367,500.59687371939435,500.2969616263776,73,102,0
427,500.0,500.0,17.4933901707304,500.1676290809829,499.35475203552954,55,79,1
428,500.0,500.0,11.615497857125218,500.3713476467658,500.5536653950591,82,103,32
429,500.0,500.0,22.188785493514114,500.0882606542964,499.3392016182317,70,95,3
430,500.0,500.0,17.92641445258215,500.49819407665484,500.4429978627832,64,87,12
431,500.0,500.0,18.49710146712875,499.44817965156665,500.3740838776255,106,120,69
432,500.0,500.0,10.190447864478267,500.57017346258624,499.65453413047476,78,103,2
433,500.0,500.0,21.499235293755603,499.33368659957983,499.97829984182255,98,121,10
434,500.0,500.0,17.658109012931185,499.3881101970853,500.26464185899715,83,106,26
435,500.0,500.0,25.20319129482725,499.9752455042255,500.6662069193452,87,106,51
436,500.0,500.0,11.606635863981076,499.441792301617,500.3644840324492,59,82,2
437,500.0,500.0,7.057596571764876,500.0473498844411,500.66498303203,74,102,0
438,500.0,500.0,24.55766133623865,499.50763218431985,500.4494645464626,63,86,1
439,500.0,500.0,9.043140273393838,499.7402859560359,499.3860023942944,87,105,52
440,500.0,500.0,22.227073633141977,500.1995958538329,499.36391357538685,7,20,2
441,500.0,500.0,18.864008206635084,499.33489635114967,500.04562434361634,132,149,105
442,500.0,500.0,17.495911121810423,500.6532540701986,499.86694525858366,4,19,0
443,500.0,500.0,9.434662160297625,500.0789021938353,500.66198103315156,17,11,11
444,500.0,500.0,19.910562790312557,499.8310941208488,500.64491491565366,17,7,5
445,500.0,500.0,18.058968115681605,499.58761123977774,500.52381290064943,7,22,0
446,500.0,500.0,25.63198352103143,499.42991150404856,499.65439393635484,117,133,71
447,500.0,500.0,20.392884628428945,500.29742981671507,499.4033594477633,97,94,103
448,500.0,500.0,10.705082924344335,500.62967903953404,499.7810279661328,71,98,5
449,500.0,500.0,11.140869520178445,500.1130405992121,500.65701314094485,70,91,10
450,500.0,500.0,5.2630218864658636,499.38347983916117,499.7463322335737,110,126,79
451,500.0,500.0,7.719171499491369,500.26063197047455,500.6136085237438,4,21,2
452,500.0,500.0,26.231438320783692,499.423776190179,500.335276848947,114,136,161
453,500.0,500.0,11.785864803593675,499.35711611773587,500.17647877597454,180,175,179
454,500.0,500.0,15.998183693910152,500.5756229885228,499.6636926710158,80,107,1
455,500.0,500.0,17.63239370282239,499.6950894078142,500.59285240593033,12,10,13
456,500.0,500.0,22.522771259335464,500.658123560633,500.10638525924315,83,107,22
457,500.0,500.0,17.147981853683447,499.49227133464547,499.56796291036335,8,21,1
458,500.0,500.0,24.06180324104378,500.64905882675356,500.1522073712332,111,133,62
459,500.0,500.0,8.784354601403365,500.2827333829196,500.6037435536942,153,159,178
460,500.0,500.0,21.48911322215495,500.6279358530852,499.77607811885713,6,6,14
461,500.0,500.0,6.279623534000983,500.64225663377147,499.8212519627493,60,88,0
462,500.0,500.0,6.327945961448069,500.11139910219083,500.65729345385114,127,139,100
463,500.0,500.0,14.106820328924922,499.40229407848886,499.7047169564046,133,146,103
464,500.0,500.0,14.745039849908379,499.3888597271167,500.266368187486,42,84,120
465,500.0,500.0,6.587440361687217,500.5603279165778,499.638783900763,81,110,1
466,500.0,500.0,22.686357439420103,500.4698051087094,499.5270014753987,108,121,74
467,500.0,500.0,25.500672920026116,499.4163007435148,499.67791364135826,93,84,98
468,500.0,500.0,27.175320656755776,499.5741264170707,500.51290948110505,90,109,39
469,500.0,500.0,7.7285628475613395,499.53559837617917,499.52169510117807,16,8,7
470,500.0,500.0,27.510660671605727,500.6487361053195,499.84642295060996,23,19,16
471,500.0,500.0,21.539161425249596,499.7034748585336,500.59709068400264,78,99,33
472,500.0,500.0,10.692776885586838,499.74867681373087,499.38252036431317,73,100,4
473,500.0,500.0,25.129788016345728,500.58266536322833,499.6760470420903,66,91,2
474,500.0,500.0,22.619229752819777,499.3920379094761,499.7264555960539,19,17,17
475,500.0,500.0,18.660715392025217,500.19287659323527,500.638155987378,119,135,96
476,500.0,500.0,6.119555388606229,499.934506332015,499.3365581985597,61,88,5
477,500.0,500.0,9.99719183408373,499.333892079348,500.02728887115927,122,136,85
478,500.0,500.0,10.385714894258108,500.5444252674912,500.3847669067911,102,164,193
479,500.0,500.0,20.468233733049015,499.52488319942603,500.46766277407636,95,109,57
480,500.0,500.0,27.670997896677893,500.20800599344744,499.36661390042536,36,85,129
481,500.0,500.0,6.40202565345553,500.28858125548385,500.6009703016188,116,135,79
482,500.0,500.0,17.78456531762539,500.31622978983313,500.5868928049197,63,89,0
483,500.0,500.0,23.073505707551913,499.6054965381291,499.4625881811717,92,151,176
484,500.0,500.0,13.658584335664036,499.61037996895953,500.54096273056143,113,131,81
485,500.0,500.0,11.916937632288398,500.6161023507842,500.2546808548019,65,91,2
486,500.0,500.0,27.259082336572412,500.50942902636405,499.5699691737302,44,67,0
487,500.0,500.0,10.86489984897334,499.41136063701174,500.31296668318726,88,109,38
488,500.0,500.0,24.484067876151073,499.36798086710274,499.7878767808648,105,111,75
489,500.0,500.0,13.674863424110816,499.53269923118347,500.4754728550695,66,92,1
490,500.0,500.0,9.327755760453373,499.8628259851159,499.3475984870611,69,97,4
491,500.0,500.0,9.804449036701758,499.8415517568182,499.3524364134102,86,101,43
492,500.0,500.0,9.37054504549342,500.22335525085776,500.6281376253328,95,115,55
493,500.0,500.0,21.18667740154119,500.28995923652485,499.3996933403681,120,137,83
494,500.0,500.0,11.51036154296413,500.4225549382256,499.4843530581632,8,22,0
495,500.0,500.0,11.015917429863109,499.4572493168544,499.61287451596485,18,11,11
496,500.0,500.0,27.570324507471263,500.4585127291397,499.5160469840353,126,142,104
497,500.0,500.0,14.520393923308365,499.33679240021394,499.9321757858104,32,22,7
498,500.0,500.0,17.726165961470006,500.1867674052549,499.3600293906914,127,142,85
499,500.0,500.0,9.512411002717178,499.66656008640985,500.5772887219316,83,95,50
500,500.0,500.0,16.483934094494415,500.0306794116803,499.3340396271974,63,89,1
501,500.0,500.0,23.896614612924196,499.67236710280383,499.41939589295345,84,104,43
502,500.0,500.0,23.284436830133586,500.6648710953952,499.95110346686704,61,75,9
503,500.0,500.0,26.088685962970438,500.6591361003172,500.0999201966724,114,130,87
504,500.0,500.0,24.298575352683958,499.9400188125413,500.6639628766697,31,22,15
505,500.0,500.0,14.485021115558633,500.17725005777766,500.6426716591404,16,75,120
506,500.0,500.0,5.21025361888522,499.3808455692502,499.75283156486444,124,56,42
507,500.0,500.0,19.66775761049508,500.664726375988,499.94917392883264,111,126,67
508,500.0,500.0,5.1520842108196545,499.33701149298724,499.93006657441913,118,135,90
509,500.0,500.0,21.61043259739158,500.6666020441873,500.00928219423236,10,25,0
510,500.0,500.0,21.050758752992433,499.4197767125928,500.32830684000623,119,133,74
511,500.0,500.0,17.060864228193775,500.6574772887695,500.110308926188,122,166,195
512,500.0,500.0,23.7499309864055,500.4655982822609,499.522859890598,31,57,96
513,500.0,500.0,14.338630427099377,500.20591029975776,499.3659295047882,61,86,5
514,500.0,500.0,24.04542781040775,499.95987115693566,500.6654578276636,57,81,2
515,500.0,500.0,7.150511624823516,500.65910437214694,499.89987072824965,13,0,0
516,500.0,500.0,19.64520573777969,499.6241359911117,500.55060938174614,22,11,5
517,500.0,500.0,19.832866564695948,499.4737664740921,500.4092953953503,51,33,21
518,500.0,500.0,26.14050095512487,500.65878346415184,499.8977806681467,69,98,0
519,500.0,500.0,6.070925327060095,499.4623551669143,500.3941858418318,159,154,158
520,500.0,500.0,17.96072687310362,499.3365571178959,499.9345172799139,55,79,0
521,500.0,500.0,9.764636654420423,500.20312850307886,499.36503287039295,60,98,127
522,500.0,500.0,17.97103859134659,499.4693370965713,500.40353602982765,9,1,0
523,500.0,500.0,12.629786311302057,500.019028926873,500.6663950362859,17,4,0
524,500.0,500.0,12.954768458269669,499.64748182313764,500.5658404186925,71,86,20
525,500.0,500.0,12.833633168927438,499.34600416820456,500.12935956261003,82,105,23
526,500.0,500.0,12.506662880490646,500.66550508802453,499.96066271160987,2,7,34
527,500.0,500.0,13.183657547234501,500.28500886635413,500.6026727059889,56,65,15
528,500.0,500.0,20.195453872842137,499.8017516106899,500.6365076751936,54,70,0
529,500.0,500.0,21.40149625160287,500.4859790651149,499.5436352415946,62,88,0
530,500.0,500.0,23.029476483015124,500.42720520540433,499.4881991042213,87,115,16
531,500.0,500.0,7.104969860013499,499.9525121793164,500.6649731959494,98,113,54
532,500.0,500.0,7.351322524604655,500.63252420366933,499.7893876161834,118,131,85
533,500.0,500.0,17.75902001400396,499.43626083508605,499.64413120621975,110,128,76
534,500.0,500.0,17.747055524144155,499.5631672395784,500.5036085621461,83,97,36
535,500.0,500.0,5.283834142330952,500.10493564452304,500.65835625230795,16,5,0
536,500.0,500.0,17.869340552536947,499.6773010400414,499.41663919767774,75,99,0
537,500.0,500.0,13.756836540241093,500.0769304439713,499.33778692912716,121,136,78
538,500.0,500.0,8.356500874870601,500.5864149059701,499.6828848750051,133,150,107
539,500.0,500.0,16.137320220480355,499.37385712459843,500.22888762314346,134,206,221
540,500.0,500.0,21.58068740647863,499.776336692965,499.3719719994056,64,87,5
541,500.0,500.0,7.460364454360747,500.3292763417314,499.42032635455763,58,81,0
542,500.0,500.0,19.264420321117854,500.60431254093186,499.7184848186741,94,115,48
543,500.0,500.0,23.94131052321713,500.20774463368434,499.36652812878566,90,120,5
544,500.0,500.0,18.873859172965698,499.70722369565937,499.4010622068519,75,87,37
545,500.0,500.0,14.159510398512184,500.6656027639888,499.9623515602586,63,77,11
546,500.0,500.0,18.245223477374093,500.12615563472144,499.3453785824826,15,2,4
547,500.0,500.0,23.0749302285724,499.79319227201523,499.36622164119444,25,12,6
548,500.0,500.0,27.937093291800238,499.3428443659146,499.8877907444361,53,78,1
549,500.0,500.0,21.725907367596857,499.6741362607948,500.5815988891974,64,89,0
550,500.0,500.0,6.590649454565404,499.5724069409719,499.48852309894244,66,95,0
551,500.0,500.0,11.965150777745892,500.1444623210464,500.6508264609267,141,61,35
552,500.0,500.0,23.14876555406145,500.66100037741256,499.91326508485673,82,108,11
553,500.0,500.0,14.218517238575593,499.35104173650717,499.8473644317702,84,149,176
554,500.0,500.0,27.273844937005475,499.42745273770333,500.3415173156387,202,216,219
555,500.0,500.0,7.5154967806186,500.4086338923619,499.4732526350729,12,26,3
556,500.0,500.0,19.8809965036183,500.29339849322827,500.5986332505097,96,163,183
557,500.0,500.0,14.191208163176892,499.33479686137866,499.955849928508,88,152,184
558,500.0,500.0,10.950982519284075,500.58315545517746,500.32306989884734,107,164,178
559,500.0,500.0,18.2304141602198,500.648793289093,499.8466647057188,64,84,0
560,500.0,500.0,20.62977621359802,499.3334027808559,500.0096224671386,6,21,2
561,500.0,500.0,16.103734943305216,499.5028993881659,499.5557754777609,123,137,85
562,500.0,500.0,26.63555163736244,500.3679968496372,499.4441018410702,7,5,6
563,500.0,500.0,23.03820994316003,500.65920309441367,499.90052274249916,113,174,193
564,500.0,500.0,15.077816580279622,500.20706309380336,499.3663050263502,16,6,4
565,500.0,500.0,23.634276549130057,500.3987043205434,500.53430263823464,89,154,164
566,500.0,500.0,20.57420465649033,499.69530079089134,499.407038925044,53,55,12
567,500.0,500.0,8.683121357953263,499.9241612252467,499.337661019803,97,109,61
568,500.0,500.0,14.316091034445815,500.3666874524519,500.5567627471902,88,168,204
569,500.0,500.0,14.098394696946608,500.5578865970345,500.3649753269657,114,128,79
570,500.0,500.0,13.943222948181264,499.99025933442095,500.66659550244395,51,74,0
571,500.0,500.0,23.600785138518997,499.79597217304956,500.6346787299684,28,14,5
572,500.0,500.0,17.348447243124816,500.64309397881067,499.8242883644664,73,96,10
573,500.0,500.0,11.034128095404302,500.2586170024314,499.38553951266346,70,95,3
574,500.0,500.0,13.938703000993232,500.3847907254755,499.4555915668981,113,127,78
575,500.0,500.0,24.446909461399862,500.1820148587944,500.64133847196507,80,101,36
576,500.0,500.0,11.841231198085094,500.31339571379726,500.5884110561656,57,100,136
577,500.0,500.0,12.203272131911053,499.7277374910216,499.3914627614934,20,48,86
578,500.0,500.0,20.949040459478248,500.5480079530455,500.37964684621807,25,20,17
579,500.0,500.0,18.22053903211153,500.4392962011579,500.5014611571126,54,79,0
580,500.0,500.0,20.94895731017517,499.66738830065253,499.42223369611787,74,96,130
581,500.0,500.0,11.64319980313495,500.48766758267305,500.4545599776204,99,119,56
582,500.0,500.0,24.907011309697484,499.77468119845753,499.3725640414226,53,47,20
583,500.0,500.0,13.83071604496292,500.6663337277434,499.9789332556845,24,0,0
584,500.0,500.0,20.74802342287969,499.6687976778775,499.42142462352336,137,152,111
585,500.0,500.0,18.00414938263443,500.10368108956357,499.3414450090453,98,116,64
586,500.0,500.0,17.364998218710845,500.031327931635,500.66593018038225,55,77,5
587,500.0,500.0,22.616149763704886,500.59829004778726,500.29409771023114,16,9,13
588,500.0,500.0,11.161444916036722,499.7062900199215,500.5984804859364,0,11,26
589,500.0,500.0,5.957042012215366,499.3347084955107,500.04279787960695,90,118,11
590,500.0,500.0,7.3555780941824604,499.52915903602275,500.47196740468536,46,61,0
591,500.0,500.0,5.741299095331458,500.61840620847045,499.7509654526583,62,113,166
592,500.0,500.0,27.861026739328192,500.24878708041297,500.61850580681516,108,125,78
593,500.0,500.0,24.804120014215563,499.66418467935785,499.424089837851,61,55,70
594,500.0,500.0,8.20240421631585,500.60308537520103,500.28413460659175,63,83,14
595,500.0,500.0,17.242458339519466,500.2976245353342,499.40345655614067,18,5,1
596,500.0,500.0,21.193236520369336,499.36293122621146,500.1964378321709,89,109,48
597,500.0,500.0,16.831544732050826,499.35148836188756,500.15452216565,118,133,92
598,500.0,500.0,23.07089411069984,499.5342211302582,499.52303617648033,113,196,214
599,500.0,500.0,24.919812284796606,499.68441820510293,500.587241496468,13,2,1
600,500.0,500.0,22.51389251203671,499.5820989994412,499.4805741648932,82,101,35
601,500.0,500.0,19.545245596621143,500.6365660631293,499.8019391716756,144,158,109
602,500.0,500.0,19.573438557056846,500.00082777647236,500.6666661527561,83,105,36
603,500.0,500.0,20.978183161733526,500.3111728706855,499.41041040630466,17,4,3
604,500.0,500.0,5.0568809582656495,500.34244294490827,500.57199412053535,78,102,44
605,500.0,500.0,13.239122774842706,499.86616207317695,499.3469059380241,43,24,11
606,500.0,500.0,14.881791315760431,500.2946655714096,499.40198942695775,73,94,28
607,500.0,500.0,11.522640748086335,500.6099206992933,500.26914900151775,30,18,22
608,500.0,500.0,16.162771792195617,499.36091737482747,499.81021632671116,124,136,96
609,500.0,500.0,19.402129009585565,499.39779725943504,500.2860005309445,84,103,21
610,500.0,500.0,8.633620844405716,499.80324541269795,499.3630289827472,51,73,0
611,500.0,500.0,20.837613283964735,499.63917311437376,499.43942136764434,86,113,18
612,500.0,500.0,26.452687942696258,500.4263529425907,499.4874889144724,99,115,60
613,500.0,500.0,6.895672206226038,499.36831571400256,499.7868817059276,71,82,22
614,500.0,500.0,19.388898305793944,499.4398222038056,499.63855113626516,117,134,88
615,500.0,500.0,7.189224593527502,499.551944331958,499.5063497566294,26,14,8
616,500.0,500.0,10.202389813566338,499.33418858217277,499.96624203300985,107,127,76
617,500.0,500.0,12.902205450784471,500.6601334330314,499.9068963210252,35,22,3
618,500.0,500.0,10.265777951557995,500.2584137859367,499.3854540215067,63,87,2
619,500.0,500.0,25.262746884546225,500.4198415233543,500.5178586097691,57,79,4
620,500.0,500.0,20.574152792138015,499.33427823981907,499.96451785708246,20,12,9
621,500.0,500.0,19.95046490262956,500.4621939851887,500.480438512715,210,229,236
622,500.0,500.0,8.481605009418463,500.62345724126567,499.7638951233925,23,11,13
623,500.0,500.0,9.996627591504339,500.5638395924951,500.3557096546052,43,109,146
624,500.0,500.0,13.832733914891776,499.99072788808485,499.3333978154963,36,29,25
625,500.0,500.0,19.826273068321647,500.5393252922893,500.3918834948572,101,120,65
626,500.0,500.0,18.974641275057035,499.81579954369056,499.35928583881747,50,39,42
627,500.0,500.0,18.959318002455078,500.4047219880962,500.5297589610341,89,107,50
628,500.0,500.0,23.027436790257607,499.4937261435869,499.56625903265075,0,0,0
629,500.0,500.0,16.490398449271126,499.4897465186955,500.4290522453747,117,135,88
630,500.0,500.0,5.277541284995511,500.50513270461244,499.5649305857965,16,7,5
631,500.0,500.0,24.29638596678338,500.2726542493541,500.60836182059165,83,117,140
632,500.0,500.0,22.542696571598473,499.39245396949474,499.72553276104105,101,112,56
633,500.0,500.0,11.030261374727543,500.66609167921894,500.0276824731506,117,193,216
634,500.0,500.0,19.45712600939325,500.198784974566,500.6363403007285,116,188,216
635,500.0,500.0,6.895839674266855,499.6172818028431,499.4541325930142,46,81,119
636,500.0,500.0,6.922732696889776,499.34199715182666,500.10712934350704,58,75,6
637,500.0,500.0,8.573674018211468,500.44308775069396,500.4981141331356,35,41,68
638,500.0,500.0,24.194108791249313,500.24607634469703,499.3804107190848,36,20,14
639,500.0,500.0,15.062178990163225,499.42877462824777,499.6562762459315,82,158,182
640,500.0,500.0,14.99312253793844,499.3727867727045,499.77406192894955,35,29,32
641,500.0,500.0,20.319830313764143,499.33544301889447,499.9470050633706,105,165,197
642,500.0,500.0,8.155871340144358,499.3621722175441,500.1939591822314,33,60,94
643,500.0,500.0,17.02912334275339,499.5343483298239,499.52291199291255,52,73,3
644,500.0,500.0,22.965851538550716,500.3394006980468,499.4261954944323,104,139,159
645,500.0,500.0,14.874465094920646,500.156350066002,500.6480733764826,73,99,3
646,500.0,500.0,18.262988518426233,500.6651374771077,500.04512849422764,88,137,156
647,500.0,500.0,6.275099549375696,499.6333197887421,499.44323248378134,14,6,6
648,500.0,500.0,22.786565924933647,499.9098179859565,499.3394610921471,162,224,237
649,500.0,500.0,16.702972352944876,499.3609634270874,499.8100613179876,18,14,15
650,500.0,500.0,13.371459415618537,500.6302269631622,500.21739001667,134,202,211
651,500.0,500.0,26.02079639898597,500.2906643911968,499.40003445421036,20,12,9
652,500.0,500.0,14.573901765530254,500.6004505973161,500.28966105127745,129,145,111
653,500.0,500.0,7.746221382520657,499.8882084995623,499.342773170911,14,9,6
654,500.0,500.0,16.862805005703258,499.5227346356938,500.4654698878318,68,158,207
655,500.0,500.0,24.9187412894745,500.6299168017903,500.21828712116564,105,123,76
656,500.0,500.0,5.183290991821477,499.85658631793814,500.65105833858564,38,74,113
657,500.0,500.0,22.010247694868614,500.5590583402409,500.36317794075575,65,113,151
658,500.0,500.0,16.34729554466235,499.61006498139164,499.4592642736906,91,110,46
659,500.0,500.0,26.445143248370517,500.37963954754247,499.451986990678,45,37,16
660,500.0,500.0,24.310202158612,499.96261726870017,500.6656177400318,82,163,193
661,500.0,500.0,13.654321100765001,500.65500332999216,500.1241574892773,50,109,135
662,500.0,500.0,10.47785467397991,500.15908003560526,500.64740867056,24,12,16
663,500.0,500.0,7.139612682236029,500.2026345300728,500.6351249417765,90,112,41
664,500.0,500.0,13.567315403703857,500.66627901801365,500.0227313571789,49,74,106
665,500.0,500.0,19.655960640751914,500.6070480965312,500.275566784904,121,133,93
666,500.0,500.0,15.004606204004661,500.0460021527375,499.33492237566736,43,23,21
667,500.0,500.0,12.24520505442444,500.63751209658966,499.8050057150932,114,52,37
668,500.0,500.0,10.373058212681194,499.4835926514596,499.57837469855576,25,21,20
669,500.0,500.0,7.4301282523618974,500.5549233225199,499.6305347775934,105,180,195
670,500.0,500.0,17.326264629070543,500.64906528468447,499.8478201699899,26,21,27
671,500.0,500.0,24.60709027020642,500.22272867381247,499.37163992623164,16,10,10
672,500.0,500.0,21.208210490854036,499.6573106435307,500.57184652609516,88,104,45
673,500.0,500.0,12.539254154350214,500.529948830139,499.59552666110267,55,50,60
674,500.0,500.0,6.125864204579723,499.3460062982587,499.8706296690613,99,149,182
675,500.0,500.0,14.301021208285016,499.9993826906262,499.33333361913657,65,105,130
676,500.0,500.0,15.626994724153496,499.38275692849163,499.7480963773198,102,121,65
677,500.0,500.0,22.962079849832104,499.70230125524506,500.5965064138933,29,68,84
678,500.0,500.0,13.561514107767946,500.5794529990248,500.32966447543765,79,100,31
679,500.0,500.0,10.952875003970094,499.78504739383413,499.3689375454466,20,11,10
680,500.0,500.0,19.85769859849602,499.521329769694,499.5359749413413,72,96,12
681,500.0,500.0,26.67245520355465,500.6087284425163,499.7281652566059,20,11,6
682,500.0,500.0,21.661909484006237,500.2716184765394,500.6088249729166,112,131,76
683,500.0,500.0,8.974565872108151,500.1243223740498,499.3450279458213,62,108,144
684,500.0,500.0,25.3187473745534,500.49455866326304,500.4470527631454,130,205,209
685,500.0,500.0,19.88740321090384,500.6608887869283,499.9124188618658,69,93,7
686,500.0,500.0,7.017595674357172,499.7918298931293,499.36666781934764,43,68,87
687,500.0,500.0,25.347007873174196,499.33379333938393,500.02476145785795,70,90,20
688,500.0,500.0,17.504103707384047,500.6612428330272,499.91513327969903,93,105,60
689,500.0,500.0,22.97300743421635,500.28991929151755,499.3996740478287,100,164,175
690,500.0,500.0,11.220020749686398,499.87104998688613,499.3459232930593,126,195,211
691,500.0,500.0,25.602589977129217,500.6552995947497,500.12258419786144,17,8,9
692,500.0,500.0,22.637369874356274,499.9910239200156,499.3333937635811,77,170,213
693,500.0,500.0,10.546514288560457,500.59268257422593,500.3052405783204,131,202,214
694,500.0,500.0,27.60128662243475,499.7014537030362,499.4039173270312,121,180,192
695,500.0,500.0,18.627948711172493,500.1922084152131,500.6383575562063,155,217,229
696,500.0,500.0,13.088689415111027,500.6149391430079,500.2574767850528,60,46,32
697,500.0,500.0,9.329374292820894,499.6994195047673,499.40494049849605,19,5,2
698,500.0,500.0,5.873166047602293,499.8701819446102,499.34609502453395,66,128,143
699,500.0,500.0,17.10831582541575,499.799831083897,499.36409367869896,61,82,4
700,500.0,500.0,8.0012595492412,499.3396422076833,499.90850119907304,32,18,7
701,500.0,500.0,18.492011027097817,499.572893723629,500.51188345658846,101,152,151
702,500.0,500.0,27.09285125634243,500.571648527206,500.34301954140784,151,207,214
703,500.0,500.0,12.740904636238502,500.0737722669297,500.66257233346744,104,177,218
704,500.0,500.0,15.047972807380393,500.2735157172824,499.39202500310955,17,12,9
705,500.0,500.0,21.265207188435543,499.88842387034816,499.3427365735595,114,132,83
706,500.0,500.0,18.545853583011382,500.0669287590771,500.66329856448874,30,19,16
707,500.0,500.0,11.773897088535222,500.5179252871434,499.58024073401305,93,163,172
708,500.0,500.0,27.868512002595505,500.53340298038404,500.3999071204191,43,87,126
709,500.0,500.0,26.183878977615826,500.6109173898415,500.26687897488125,34,28,28
710,500.0,500.0,26.54381925174785,499.94976510946407,499.3352286857744,79,154,184
711,500.0,500.0,27.594732063628207,499.70986426681503,500.6002213764718,30,44,1
712,500.0,500.0,20.41056513562323,500.06362473907063,499.3363763589032,131,195,205
713,500.0,500.0,10.739439852111413,499.84632550315956,500.6487130285922,178,230,241
714,500.0,500.0,21.56951252393027,500.07280440476967,500.66267938182096,39,31,41
715,500.0,500.0,27.28934197743076,500.3960172584019,499.4637027172433,36,88,140
716,500.0,500.0,13.632994117832606,499.96548496311806,500.6657726013238,37,52,86
717,500.0,500.0,10.188402732767905,500.1856264391636,499.3596975171625,43,82,122
718,500.0,500.0,12.330488883003124,499.67921711957706,499.4155833779982,20,30,47
719,500.0,500.0,13.635531333839916,500.34994025386544,499.4325616657565,74,147,197
720,500.0,500.0,27.661350303246294,499.3764561816543,500.2358761349678,116,194,203
721,500.0,500.0,8.794935479524025,499.4637690158994,499.60389297388843,91,104,61
722,500.0,500.0,9.727660964512555,500.1165248876194,500.65640414000046,101,120,49
723,500.0,500.0,21.78940213041667,500.19562907674623,499.362682411371,53,121,156
724,500.0,500.0,7.206066192251557,499.64329686041214,500.563211607349,60,78,4
725,500.0,500.0,8.532568493884886,499.43185434051213,499.65120929764464,24,73,139
726,500.0,500.0,23.94963806291271,499.79269358037374,499.3663845860254,113,132,77
727,500.0,500.0,5.5919209328287725,499.34024782693524,500.09576802483485,30,21,14
728,500.0,500.0,15.892124976267581,500.6555879346931,499.8789673418894,83,96,27
729,500.0,500.0,25.58218211832584,500.641207485947,500.18247576389746,18,42,75
730,500.0,500.0,9.252268072467086,500.62834643314545,499.77723284713,24,18,22
731,500.0,500.0,11.055807233706338,499.65317334158846,500.56934674273197,134,150,110
732,500.0,500.0,17.977671522034,499.42768582195157,499.65809222581345,115,131,62
733,500.0,500.0,12.907201890559074,499.9061187557107,499.33997670009677,122,183,176
734,500.0,500.0,6.402626159327735,499.3488203184378,500.1428617050331,109,192,219
735,500.0,500.0,20.8025624449444,500.6592653120042,499.90093591552704,47,56,6
736,500.0,500.0,6.815966144803913,499.45953713224765,500.3903131217694,60,131,145
737,500.0,500.0,23.41035774457577,499.5148299313119,499.5427752752818,118,187,192
738,500.0,500.0,22.41534137970145,499.76058995025755,500.62219552596173,165,219,229
739,500.0,500.0,7.902277968686414,500.61248873997374,499.73674729279685,49,95,112
740,500.0,500.0,27.93719221591184,500.0330207906781,499.33415161498476,44,79,96
741,500.0,500.0,25.948503171826665,500.62529515534857,500.2311934539342,134,205,220
742,500.0,500.0,17.69724640623418,499.42161529079675,500.33153517551585,68,166,216
743,500.0,500.0,5.2843673384984164,499.8681504474045,500.6534983855564,38,33,52
744,500.0,500.0,7.5879333803964775,500.56747450260144,500.3498815990327,106,166,158
745,500.0,500.0,22.442679920726476,499.87695301991636,500.65521285483175,127,202,222
746,500.0,500.0,23.07214949712258,500.05913754504115,499.33596145050836,89,137,157
747,500.0,500.0,20.060116426411643,499.3517198322527,499.8445095869515,49,101,133
748,500.0,500.0,11.334525266799337,500.2807683144469,500.6046599027942,34,108,179
749,500.0,500.0,14.239557660311446,499.365050850685,499.79681530021026,32,52,70
750,500.0,500.0,15.930018396520648,500.34963892493965,499.43237594605984,117,190,207
751,500.0,500.0,23.253997377829727,499.58077396332095,500.518356995337,76,112,137
752,500.0,500.0,20.751596624098717,499.3420605120694,500.1075177876727,102,136,160
753,500.0,500.0,15.191544106622864,500.5268235777852,500.4085356316578,139,206,222
754,500.0,500.0,7.053597556967442,500.03790987685744,500.6655879248312,1,2,7
755,500.0,500.0,22.4683457902039,499.828167293279,500.64414126194913,134,204,217
756,500.0,500.0,6.509190255074435,499.8729548861016,500.6544493742674,34,32,50
757,500.0,500.0,17.058582993035387,499.7653827109904,499.3759814328546,33,101,169
758,500.0,500.0,24.15738846076068,500.64186221029246,499.81984077197393,107,152,170
759,500.0,500.0,26.114714594845672,499.7029277915039,500.5968186888693,119,197,213
760,500.0,500.0,16.617906623554767,499.34558798225606,499.8727626018942,128,188,181
761,500.0,500.0,13.566735515312066,499.3537392619549,500.16368110124824,53,114,167
762,500.0,500.0,15.915392648415606,499.6552948187658,499.42936633250855,140,201,199
763,500.0,500.0,25.573314167180495,500.5043868387696,499.5640661044144,31,21,13
764,500.0,500.0,8.74687032876827,500.40068236411577,500.5328208775293,115,128,84
765,500.0,500.0,20.586990660092326,500.6643467986047,500.05556775709084,68,84,9
766,500.0,500.0,24.886488392554106,499.4337389350946,500.351842082214,107,124,78
767,500.0,500.0,19.889545746025554,500.01001268089,499.333408527908,130,181,184
768,500.0,500.0,23.516968091496185,500.5917186048378,499.6928949086498,33,137,200
769,500.0,500.0,13.658935402233018,499.86771817065176,499.34658897922617,72,152,181
770,500.0,500.0,11.949337099310096,500.5749185580628,500.3375101421283,141,201,191
771,500.0,500.0,5.168994171655292,500.4008088053824,500.53272576995334,50,65,4
772,500.0,500.0,19.008152406674384,500.6622829879992,499.92367380363675,56,127,148
773,500.0,500.0,12.734524039419755,499.5702552392783,500.5096703690393,109,123,74
774,500.0,500.0,11.006378882309427,499.60790360312416,499.4608294703886,84,132,115
775,500.0,500.0,22.60591093098333,500.355340281275,500.5640724500876,130,202,217
776,500.0,500.0,20.65738225890978,499.3334176239918,500.010600964092,163,223,224
777,500.0,500.0,10.966804272375745,500.0555121167048,500.66435145017033,69,83,32
778,500.0,500.0,18.40954515550722,500.097872620538,500.659443245923,151,207,198
779,500.0,500.0,10.114353461454185,499.44504428747797,500.36941656917844,29,81,138
780,500.0,500.0,20.452974947135402,499.6405261399497,500.5614472267141,141,157,93
781,500.0,500.0,25.15938003986854,500.65546319051253,499.87829358962006,128,187,178
782,500.0,500.0,22.041134506083967,499.4616637294929,500.39324102570936,99,109,75
783,500.0,500.0,20.051996820076525,500.02424804167066,500.66622554508183,132,187,200
784,500.0,500.0,12.062961240640796,500.5726074565644,500.34141638087715,10,38,81
785,500.0,500.0,15.666494448318478,499.55476432643667,500.49619516264374,133,204,210
786,500.0,500.0,18.422216254079352,499.48786027768443,500.4267989565018,49,41,38
787,500.0,500.0,16.5109796133322,500.19945014339055,499.36386787162894,130,191,175
788,500.0,500.0,6.243425324779228,500.36660977419115,499.4431861011864,69,118,138
789,500.0,500.0,27.70540678572865,499.56737254022545,500.5072257145428,95,113,67
790,500.0,500.0,9.14820568945741,500.45320158441376,500.48893022848796,33,88,127
791,500.0,500.0,9.066958130959597,500.6366425569347,499.8021851897757,131,193,189
792,500.0,500.0,9.815794471706788,500.6652375713964,499.9563718204934,133,200,201
793,500.0,500.0,22.562090843426482,500.60967273558936,499.7302897852816,67,99,96
794,500.0,500.0,14.876423629209771,499.33362020038857,499.9804447675983,100,152,180
795,500.0,500.0,17.27699986537194,499.97132511132014,500.66604969424486,45,128,191
796,500.0,500.0,17.21377706813264,500.46638158358365,500.47637449862316,141,206,208
797,500.0,500.0,10.722931826145285,499.46740103930955,499.5990227044883,73,134,163
798,500.0,500.0,16.576739009763493,499.7016627192881,500.5961873123288,130,200,200
799,500.0,500.0,11.858651830365192,500.54814125983177,500.3794543499744,123,189,224
800,500.0,500.0,12.770208477782457,499.3335295048626,500.01617168994875,41,78,131
801,500.0,500.0,16.27410974549331,499.3381406928859,499.920083155525,134,201,207
802,500.0,500.0,10.159391356444974,500.5635736567796,500.3561308436916,108,163,176
803,500.0,500.0,8.886649063473383,500.4719741466474,499.5291657942111,72,82,96
804,500.0,500.0,19.727384961270918,500.55390765837944,500.3709861863103,15,28,1
805,500.0,500.0,6.103088641355247,499.3637167988032,499.8010323334832,75,152,161
806,500.0,500.0,7.663166005803926,500.637462778384,500.195155452446,68,81,8
807,500.0,500.0,15.911115781537955,500.4554131885523,500.4868708988398,49,34,33
808,500.0,500.0,11.925678459406221,500.661246206232,500.08484043368725,47,67,0
809,500.0,500.0,19.324348866414947,500.664901349322,500.04848340039865,51,100,141
810,500.0,500.0,19.20705296626609,500.66659939874245,499.99052972858584,77,97,35
811,500.0,500.0,19.007041615204777,500.418205980504,499.48081968227297,85,137,151
812,500.0,500.0,14.424393302150648,500.66649180973144,499.98473199406106,110,172,187
813,500.0,500.0,9.776961638247144,499.3334319827132,499.9885316620734,98,152,146
814,500.0,500.0,20.447562046699712,500.66620926313664,499.9753086623409,14,107,170
815,500.0,500.0,26.83725836181567,499.44913290935386,500.3754862086515,72,139,155
816,500.0,500.0,19.81974620608007,500.6499441510069,499.8516185826446,54,124,171
817,500.0,500.0,7.295605046325202,500.42564177192446,499.4868981324947,160,218,206
818,500.0,500.0,20.5656302362104,499.6039331036276,500.5362606251091,93,183,215
819,500.0,500.0,25.476716265495487,500.401288947259,500.5323641847948,131,184,179
820,500.0,500.0,12.559198999577239,499.518414422651,500.4609986725945,39,54,0
821,500.0,500.0,7.137880255060713,500.5412525443535,499.6107826729508,72,86,33
822,500.0,500.0,27.13312839344434,499.7943906869678,500.6341681597486,103,119,69
823,500.0,500.0,19.923469129062067,500.2212085714514,500.6288968217131,35,132,186
824,500.0,500.0,6.3488671002990795,499.4343780408001,500.3528685927018,119,191,206
825,500.0,500.0,16.101521562427955,499.7209336814309,499.3945526990029,73,166,201
826,500.0,500.0,13.734267919665415,499.5667933279482,500.5067311158141,51,68,2
827,500.0,500.0,25.23885566954567,499.49425472283264,499.56564282086356,24,61,115
828,500.0,500.0,14.459538065909008,500.37481381649974,500.5513248111643,144,211,205
829,500.0,500.0,5.284284898676483,500.1093606169889,500.65763568934193,54,42,31
830,500.0,500.0,10.151653144445998,500.65965503529276,500.09643484254855,52,36,24
831,500.0,500.0,21.113344238843748,500.09744959266897,500.65950589181074,23,18,18
832,500.0,500.0,16.08438257837473,500.4997321144747,499.558737880385,147,211,210
833,500.0,500.0,24.29775948828511,499.3351170005159,499.9512656030975,53,126,166
834,500.0,500.0,26.490542669663796,499.5454226926248,500.48765142885463,41,53,2
835,500.0,500.0,6.721900576970651,500.3244486893435,499.41761053200827,106,153,165
836,500.0,500.0,11.397613995954888,500.41415110249125,500.52242062435334,118,188,193
837,500.0,500.0,14.275370849619625,500.62609480003835,499.7709809051425,95,169,189
838,500.0,500.0,18.179803403513638,500.2688401513506,499.389943103091,121,190,195
839,500.0,500.0,27.555426995751162,500.5476868659167,499.61989009306944,39,28,23
840,500.0,500.0,5.824134445294836,499.82698217074847,500.6438239473688,91,103,69
841,500.0,500.0,27.15293871044011,500.616187731171,500.2544742116576,14,113,181
842,500.0,500.0,20.05570762190156,499.69617955394125,500.5934118140053,113,180,192
843,500.0,500.0,23.78153979127941,499.9271918713376,500.6626789726897,112,189,206
844,500.0,500.0,18.79887648584004,499.4972299940766,499.5622023691382,140,194,186
845,500.0,500.0,22.464358874819695,500.4090645370177,499.473586997692,113,191,207
846,500.0,500.0,19.574207150801826,500.46810642431296,499.5253202975043,63,138,173
847,500.0,500.0,7.445411272741081,499.70919747436307,500.59989860437213,121,196,215
848,500.0,500.0,22.07775047865405,500.5113939040469,500.4276923185517,35,73,122
849,500.0,500.0,9.313498212226877,499.6990048946979,500.59484988949197,104,178,182
850,500.0,500.0,9.383311573312593,499.36158600600436,499.807979124273,53,141,174
851,500.0,500.0,19.56453075454923,499.90753754302426,500.66022355190836,65,83,110
852,500.0,500.0,15.361605730056173,499.557982913337,499.5009355356846,1,18,2
853,500.0,500.0,16.47305876836006,499.38765188448156,500.2635796461517,114,183,214
854,500.0,500.0,24.292770545615078,500.23832118268473,500.6226134100132,80,170,204
855,500.0,500.0,8.993956214199788,500.3659388473167,500.55725506230897,34,46,2
856,500.0,500.0,18.94169780091945,500.58148942885305,499.6739409737845,67,156,186
857,500.0,500.0,19.00685495187294,499.3506993765628,500.15117256645453,113,191,213
858,500.0,500.0,27.321307947978312,500.5689633507603,499.652544751175,104,183,186
859,500.0,500.0,21.10032855263388,499.57277126221436,500.5117812521523,47,61,5
860,500.0,500.0,21.373110197088337,499.79753377144783,499.36482138674205,116,194,233
861,500.0,500.0,19.35585455172393,499.41340700861804,500.3167855850666,4,0,0
862,500.0,500.0,8.051449757596227,500.6430476970162,500.1758809364502,51,151,202
863,500.0,500.0,19.648181001952082,500.6616022213911,499.91798204407087,29,97,152
864,500.0,500.0,18.124678467821283,500.00892720382734,500.66660689276085,56,142,193
865,500.0,500.0,24.351953955588968,500.6598793435782,500.09488780935,0,89,156
866,500.0,500.0,5.581259248852858,499.3750550188364,499.76786164693686,45,77,117
867,500.0,500.0,11.14050019721877,500.0023499376793,499.33333747500154,68,141,170
868,500.0,500.0,24.30578173269894,499.34702081147685,499.8656027388668,52,78,116
869,500.0,500.0,23.72260300375278,500.0439818290388,500.6652142836401,10,10,7
870,500.0,500.0,24.89135415970586,499.94809262731565,499.3353571868248,116,202,204
871,500.0,500.0,23.039064976030392,499.4031979191104,500.2971055716245,24,21,30
872,500.0,500.0,13.913756918765777,499.3710643624283,499.7789018131311,26,85,153
873,500.0,500.0,22.104409223652226,499.67889151786824,500.5842377830537,1,8,1
874,500.0,500.0,25.964186672695988,500.63827535189944,500.19248121882947,35,18,6
875,500.0,500.0,18.877900477638754,499.7064285080098,499.4014515695993,20,84,155
876,500.0,500.0,20.70115358913531,499.5121720285223,499.5456121538945,46,96,145
877,500.0,500.0,5.934587358353134,499.5438384520654,499.5138301874547,101,187,202
878,500.0,500.0,18.431679326730418,500.6518049162872,499.8600185885616,67,162,213
879,500.0,500.0,26.562372360829492,500.54692152467015,500.38121029668275,51,41,29
880,500.0,500.0,22.794201846754422,500.21060640387464,499.3674738052132,47,134,177
881,500.0,500.0,23.167888195600888,499.858533192518,500.651484141653,70,109,148
882,500.0,500.0,12.310757123560357,499.39356936224965,499.7230770395179,25,13,9
883,500.0,500.0,16.618228060495266,500.5476329025954,499.61981235101683,70,53,28
884,500.0,500.0,13.03626786982682,500.3250767739065,499.41796088145986,25,16,6
885,500.0,500.0,11.752210214914689,499.33348268256435,500.01411063438707,29,122,210
886,500.0,500.0,23.94483322127965,500.32505847160434,500.58204934024764,30,34,57
887,500.0,500.0,15.250346664547926,499.97414976661383,499.33383469778266,6,78,161
888,500.0,500.0,5.917176713784643,500.50249288452153,499.56188432412245,30,97,149
889,500.0,500.0,17.425458197678914,499.7081786665653,500.5994036651513,36,26,15
890,500.0,500.0,13.624034969725521,499.3584788957627,499.81862988872865,31,19,6
891,500.0,500.0,25.660477004834625,499.42059184393906,499.6702567163163,15,5,5
892,500.0,500.0,7.206997914985422,500.46564427048173,500.47709522929074,50,40,38
893,500.0,500.0,9.847973923517076,500.59249366553223,499.69439289807235,48,38,37
894,500.0,500.0,7.390316610994413,499.7285067528321,500.6088808267524,39,61,97
895,500.0,500.0,6.658771344859069,500.64490737968265,499.8310653496902,42,126,173
896,500.0,500.0,12.62945363574762,499.70855996607537,499.40041084810474,58,40,35
897,500.0,500.0,10.793884022801642,499.4349112122537,500.3537217923848,50,35,36
898,500.0,500.0,14.37555390540324,500.6085039036661,499.72766299614705,20,3,1
899,500.0,500.0,5.38849227099525,499.33379119562255,499.97529628743683,38,28,20
